{
  "friends": [
    {
      "name": "Gene Parker",
      "timestamp": 1430499701
    },
    {
      "name": "Sonam Jain",
      "timestamp": 1429250965
    },
    {
      "name": "Sagar Ghewa",
      "timestamp": 1429250819
    },
    {
      "name": "Nitin Ghewa",
      "timestamp": 1429250710
    },
    {
      "name": "Kunal Ghewa",
      "timestamp": 1429250654
    },
    {
      "name": "Rahul Ghewa",
      "timestamp": 1429250542
    },
    {
      "name": "Nitin Bhansali",
      "timestamp": 1357483325
    }
  ]
}