{
  "rejected_requests": [
    {
      "name": "Sameer Shaikh",
      "timestamp": 1429186989
    },
    {
      "name": "Av Jain",
      "timestamp": 1429186988
    },
    {
      "name": "Hardik Solanki",
      "timestamp": 1429186988
    },
    {
      "name": "Jawnt Magdum",
      "timestamp": 1429186986
    },
    {
      "name": "\u00e0\u00a4\u00b6\u00e0\u00a4\u00bf\u00e0\u00a4\u00b5\u00e0\u00a4\u00ad\u00e0\u00a4\u0095\u00e0\u00a5\u008d\u00e0\u00a4\u00a4 \u00e0\u00a4\u00b5\u00e0\u00a4\u00bf\u00e0\u00a4\u00b6\u00e0\u00a4\u00be\u00e0\u00a4\u00b2 \u00e0\u00a4\u00b8\u00e0\u00a4\u00be\u00e0\u00a4\u00b5\u00e0\u00a4\u0082\u00e0\u00a4\u00a4",
      "timestamp": 1429186985
    },
    {
      "name": "Karan Chavan",
      "timestamp": 1418722177
    },
    {
      "name": "Vivaan Bhandari",
      "timestamp": 1418722177
    }
  ]
}