{
  "deleted_friends": [
    {
      "name": "Yash Jain",
      "timestamp": 1429172345
    },
    {
      "name": "Varun Shanklesha",
      "timestamp": 1429172339
    },
    {
      "name": "Sunny Jain",
      "timestamp": 1429172337
    },
    {
      "name": "Sujata Chande",
      "timestamp": 1429172335
    },
    {
      "name": "Stern Jeenu",
      "timestamp": 1429172332
    },
    {
      "name": "Sonam Jain",
      "timestamp": 1429172330
    },
    {
      "name": "Shubham Sharma",
      "timestamp": 1429172328
    },
    {
      "name": "Sheikh Hassan",
      "timestamp": 1429172326
    },
    {
      "name": "Sejal Jain",
      "timestamp": 1429172324
    },
    {
      "name": "Santosh Bhansali",
      "timestamp": 1429172322
    },
    {
      "name": "Sam Jain",
      "timestamp": 1429172319
    },
    {
      "name": "Saima Khan",
      "timestamp": 1429172314
    },
    {
      "name": "Sachin Pawar",
      "timestamp": 1429172303
    },
    {
      "name": "Sagar Ghewa",
      "timestamp": 1429172300
    },
    {
      "name": "Sagar Jain",
      "timestamp": 1429172298
    },
    {
      "name": "Rohit Jain",
      "timestamp": 1429172294
    },
    {
      "name": "Riya Jain",
      "timestamp": 1429172291
    },
    {
      "name": "Rishabh Bhansali",
      "timestamp": 1429172289
    },
    {
      "name": "Priya Parekh",
      "timestamp": 1429172283
    },
    {
      "name": "Rhea Carlie Cullen",
      "timestamp": 1429172281
    },
    {
      "name": "Rekha Parekh",
      "timestamp": 1429172279
    },
    {
      "name": "Rahul Bhansali",
      "timestamp": 1429172277
    },
    {
      "name": "Rahul Ghewa",
      "timestamp": 1429172274
    },
    {
      "name": "Priyanka Sanghvi",
      "timestamp": 1429172269
    },
    {
      "name": "Pradeep Bhansali",
      "timestamp": 1429172266
    },
    {
      "name": "Paresh Navkhande",
      "timestamp": 1429172264
    },
    {
      "name": "Panku Bhansali",
      "timestamp": 1429172262
    },
    {
      "name": "Nitin Ghewa",
      "timestamp": 1429172260
    },
    {
      "name": "Mudiam Narasimha Reddy",
      "timestamp": 1429172257
    },
    {
      "name": "Nidhi Shah",
      "timestamp": 1429172252
    },
    {
      "name": "\u00c3\u0091ikh\u00c3\u00adl J\u00c3\u00a3\u00c3\u00ad\u00c3\u00b1",
      "timestamp": 1429172250
    },
    {
      "name": "Nikita Jain",
      "timestamp": 1429172247
    },
    {
      "name": "Manjula Bhansali",
      "timestamp": 1429172238
    },
    {
      "name": "AKash Rajput",
      "timestamp": 1429172236
    },
    {
      "name": "Lalita Bhansali",
      "timestamp": 1429172234
    },
    {
      "name": "Kunal Ghewa",
      "timestamp": 1429172231
    },
    {
      "name": "Khushboo Jain",
      "timestamp": 1429172229
    },
    {
      "name": "Kaushal Jain",
      "timestamp": 1429172222
    },
    {
      "name": "K.r. Patel",
      "timestamp": 1429172220
    },
    {
      "name": "Jayesh Bhansali",
      "timestamp": 1429172218
    },
    {
      "name": "Jawerilal Bhansali",
      "timestamp": 1429172211
    },
    {
      "name": "Jain Jain",
      "timestamp": 1429172209
    },
    {
      "name": "Hyder Ali",
      "timestamp": 1429172207
    },
    {
      "name": "Hiten Jain",
      "timestamp": 1429172205
    },
    {
      "name": "Harsh Jain",
      "timestamp": 1429172200
    },
    {
      "name": "Mandar Udawant",
      "timestamp": 1429172197
    },
    {
      "name": "DrGajendra Bhansali",
      "timestamp": 1429172195
    },
    {
      "name": "Bharat Kothari",
      "timestamp": 1429172192
    },
    {
      "name": "Babita Jain",
      "timestamp": 1429172190
    },
    {
      "name": "Arpit Jain",
      "timestamp": 1429172187
    },
    {
      "name": "Annisa Sanie",
      "timestamp": 1429172182
    },
    {
      "name": "Ankita Jain Kale",
      "timestamp": 1429172176
    },
    {
      "name": "Anjali Karishma Anju",
      "timestamp": 1429172173
    },
    {
      "name": "Anisha Singhania",
      "timestamp": 1429172171
    },
    {
      "name": "Akshay Shah",
      "timestamp": 1429172168
    },
    {
      "name": "AkshayThree Jain",
      "timestamp": 1429172163
    },
    {
      "name": "Akshay Solanki",
      "timestamp": 1429172160
    },
    {
      "name": "Akshay Chheda",
      "timestamp": 1429172157
    },
    {
      "name": "Akshay Bhansali",
      "timestamp": 1429172154
    },
    {
      "name": "Akshara Khan",
      "timestamp": 1429172147
    },
    {
      "name": "Aditya Jain",
      "timestamp": 1429172144
    },
    {
      "name": "Abhay Khandelwal",
      "timestamp": 1429172142
    },
    {
      "name": "Pranay Parmar",
      "timestamp": 1429172137
    }
  ]
}