{
  "sent_requests": [
    {
      "name": "Gaj Bhansali",
      "timestamp": 1392302230
    },
    {
      "name": "Sonal Sharma",
      "timestamp": 1369882755
    },
    {
      "name": "Sonal Jain",
      "timestamp": 1369882754
    },
    {
      "name": "Abhishek Singh",
      "timestamp": 1357483355
    },
    {
      "name": "Divya Shanklesha",
      "timestamp": 1357195330
    },
    {
      "name": "Komal More",
      "timestamp": 1356077729
    },
    {
      "name": "Bhoomi Roy",
      "timestamp": 1356077723
    },
    {
      "name": "Aditi Patil",
      "timestamp": 1356077719
    },
    {
      "name": "Chandani Jain",
      "timestamp": 1356077714
    },
    {
      "name": "Anjali Mehta",
      "timestamp": 1356077503
    },
    {
      "name": "Preeti Bhansali",
      "timestamp": 1356077499
    },
    {
      "name": "Komal Jain",
      "timestamp": 1355896144
    },
    {
      "name": "Payal Jain",
      "timestamp": 1356436628
    }
  ]
}