{
  "installed_apps": [
    {
      "name": "8 Ball Pool",
      "added_timestamp": 1464016819
    },
    {
      "name": "Pirate Kings",
      "added_timestamp": 1428240071
    },
    {
      "name": "Candy Crush Saga",
      "added_timestamp": 1421334809
    },
    {
      "name": "Words With Friends",
      "added_timestamp": 1416031811
    },
    {
      "name": "Baby Photo Contest",
      "added_timestamp": 1399286678
    },
    {
      "name": "Texas HoldEm Poker",
      "added_timestamp": 1354863975
    },
    {
      "name": "Cafeland",
      "added_timestamp": 1354424385
    }
  ]
}