{
  "profile_updates": [
    {
      "timestamp": 1416674702,
      "title": "Natasha Jain added Mumbai, Maharashtra as her hometown."
    },
    {
      "timestamp": 1391775899,
      "title": "Natasha Jain updated her current city to Mumbai, Maharashtra."
    },
    {
      "timestamp": 1355648299,
      "attachments": [
        {
          "data": [
            {
              "media": {
                "uri": "photos/your_posts/397127_113274128841213_514890157_n_113274128841213.jpg",
                "media_metadata": {
                  "photo_metadata": {
                    "iso_speed": 0,
                    "orientation": 0,
                    "original_width": 0,
                    "original_height": 0,
                    "upload_ip": "116.72.135.162"
                  }
                }
              }
            }
          ]
        }
      ],
      "title": "Natasha Jain updated her profile picture."
    }
  ]
}