{
  "name": "Profile Pictures",
  "photos": [
    {
      "uri": "photos/your_posts/397127_113274128841213_514890157_n_113274128841213.jpg",
      "media_metadata": {
        "photo_metadata": {
          "iso_speed": 0,
          "orientation": 0,
          "original_width": 0,
          "original_height": 0,
          "upload_ip": "116.72.135.162"
        }
      }
    }
  ],
  "cover_photo": {
    "uri": "photos/your_posts/397127_113274128841213_514890157_n_113274128841213.jpg",
    "media_metadata": {
      "photo_metadata": {
        "iso_speed": 0,
        "orientation": 0,
        "original_width": 0,
        "original_height": 0,
        "upload_ip": "116.72.135.162"
      }
    }
  },
  "last_modified_timestamp": 1355648301
}