{
  "searches": [
    {
      "timestamp": 1429250197,
      "data": [
        {
          "text": "Sagar Ghewa"
        }
      ],
      "title": "You searched for Sagar Ghewa"
    },
    {
      "timestamp": 1429250188,
      "data": [
        {
          "text": "Nitin Ghewa"
        }
      ],
      "title": "You searched for Nitin Ghewa"
    },
    {
      "timestamp": 1429250177,
      "data": [
        {
          "text": "Rahul Ghewa"
        }
      ],
      "title": "You searched for Rahul Ghewa"
    },
    {
      "timestamp": 1429250163,
      "data": [
        {
          "text": "Kunal Ghewa"
        }
      ],
      "title": "You searched for Kunal Ghewa"
    },
    {
      "timestamp": 1429250149,
      "data": [
        {
          "text": "Sonam Jain"
        }
      ],
      "title": "You searched for Sonam Jain"
    },
    {
      "timestamp": 1429186947,
      "data": [
        {
          "text": "Nitin Bhansali"
        }
      ],
      "title": "You searched for Nitin Bhansali"
    },
    {
      "timestamp": 1428557249,
      "data": [
        {
          "text": "Nitin Bhansali"
        }
      ],
      "title": "You searched for Nitin Bhansali"
    },
    {
      "timestamp": 1427118631,
      "data": [
        {
          "text": "Nitin Bhansali"
        }
      ],
      "title": "You searched for Nitin Bhansali"
    },
    {
      "timestamp": 1420005709,
      "data": [
        {
          "text": "Nitin Bhansali"
        }
      ],
      "title": "You searched for Nitin Bhansali"
    },
    {
      "timestamp": 1418974144,
      "data": [
        {
          "text": "Nitin Bhansali"
        }
      ],
      "title": "You searched for Nitin Bhansali"
    },
    {
      "timestamp": 1418969140,
      "data": [
        {
          "text": "Lalita Bhansali"
        }
      ],
      "title": "You searched for Lalita Bhansali"
    },
    {
      "timestamp": 1418968964,
      "data": [
        {
          "text": "Nitin Bhansali"
        }
      ],
      "title": "You searched for Nitin Bhansali"
    },
    {
      "timestamp": 1418471508,
      "data": [
        {
          "text": "Nitin Bhansali"
        }
      ],
      "title": "You searched for Nitin Bhansali"
    },
    {
      "timestamp": 1418470234,
      "data": [
        {
          "text": "Lalita Bhansali"
        }
      ],
      "title": "You searched for Lalita Bhansali"
    },
    {
      "timestamp": 1418374362,
      "data": [
        {
          "text": "Nitin Bhansali"
        }
      ],
      "title": "You searched for Nitin Bhansali"
    },
    {
      "timestamp": 1417599712,
      "data": [
        {
          "text": "Nitin Bhansali"
        }
      ],
      "title": "You searched for Nitin Bhansali"
    },
    {
      "timestamp": 1417455691,
      "data": [
        {
          "text": "Nitin Bhansali"
        }
      ],
      "title": "You searched for Nitin Bhansali"
    },
    {
      "timestamp": 1417455673,
      "data": [
        {
          "text": "Find all people named \"nitin bhansa\""
        }
      ],
      "title": "You searched for Find all people named \"nitin bhansa\""
    },
    {
      "timestamp": 1417260688,
      "data": [
        {
          "text": "Texas HoldEm Poker"
        }
      ],
      "title": "You searched for Texas HoldEm Poker"
    },
    {
      "timestamp": 1417260658,
      "data": [
        {
          "text": "Nitin Bhansali"
        }
      ],
      "title": "You searched for Nitin Bhansali"
    },
    {
      "timestamp": 1417137784,
      "data": [
        {
          "text": "DJ Cheat"
        }
      ],
      "title": "You searched for DJ Cheat"
    },
    {
      "timestamp": 1417016395,
      "data": [
        {
          "text": "Nitin Bhansali"
        }
      ],
      "title": "You searched for Nitin Bhansali"
    },
    {
      "timestamp": 1416312435,
      "data": [
        {
          "text": "Nitin Bhansali"
        }
      ],
      "title": "You searched for Nitin Bhansali"
    },
    {
      "timestamp": 1416031738,
      "data": [
        {
          "text": "Nitin Bhansali"
        }
      ],
      "title": "You searched for Nitin Bhansali"
    },
    {
      "timestamp": 1415948421,
      "data": [
        {
          "text": "Texas HoldEm Poker"
        }
      ],
      "title": "You searched for Texas HoldEm Poker"
    },
    {
      "timestamp": 1415948368,
      "data": [
        {
          "text": "Nitin Bhansali"
        }
      ],
      "title": "You searched for Nitin Bhansali"
    },
    {
      "timestamp": 1415948294,
      "data": [
        {
          "text": "Nitin Bhansali"
        }
      ],
      "title": "You searched for Nitin Bhansali"
    },
    {
      "timestamp": 1415077962,
      "data": [
        {
          "text": "Rishabh Bhansali"
        }
      ],
      "title": "You searched for Rishabh Bhansali"
    },
    {
      "timestamp": 1415077939,
      "data": [
        {
          "text": "\u00c3\u0091ikh\u00c3\u00adl J\u00c3\u00a3\u00c3\u00ad\u00c3\u00b1"
        }
      ],
      "title": "You searched for \u00c3\u0091ikh\u00c3\u00adl J\u00c3\u00a3\u00c3\u00ad\u00c3\u00b1"
    },
    {
      "timestamp": 1357109202,
      "data": [
        {
          "text": "sagar"
        }
      ],
      "title": "You searched for \"sagar\""
    },
    {
      "timestamp": 1354424331,
      "data": [
        {
          "text": "ca"
        }
      ],
      "title": "You searched for Cafeland"
    },
    {
      "timestamp": 1354424301,
      "data": [
        {
          "text": "sagar bhansali"
        }
      ],
      "title": "You searched for Sagar Jain"
    }
  ]
}