{
  "wall_posts_sent_to_you": [
    {
      "timestamp": 1394855512,
      "data": [
        {
          "post": "Happy b'day dear"
        }
      ],
      "title": "Yash Jain wrote on your timeline."
    },
    {
      "timestamp": 1363288942,
      "data": [
        {
          "post": "Happy birthday,,,,,wish a long life"
        }
      ],
      "title": "AKash Rajput wrote on your timeline."
    },
    {
      "timestamp": 1360334366,
      "data": [
        {
          "post": "thanx for inviting on face book/ sheikh"
        }
      ],
      "title": "Sheikh Hassan wrote on your timeline."
    }
  ]
}