{
  "status_updates": [
    {
      "timestamp": 1399286692,
      "attachments": [
        {
          "data": [
            {
              "external_context": {
                "url": "http://www.parentingnation.co.uk/baby-photo-contest-uk/Babyname_pratik-nahar_21444"
              }
            }
          ]
        }
      ],
      "data": [
        {
          "post": "Hi, Everyone Vote for \" pratik nahar \" as cutest baby"
        }
      ],
      "title": "Natasha Jain shared a link."
    },
    {
      "timestamp": 1399286641,
      "data": [
        {
          "post": "Plz guys vote for.pratik nahr"
        }
      ],
      "title": "Natasha Jain updated her status."
    },
    {
      "timestamp": 1391775895,
      "attachments": [
        {
          "data": [
            {
              "life_event": {
                "title": "Started School at Adarsh English High School",
                "place": {
                  "name": "Mumbai, Maharashtra",
                  "coordinate": {
                    "latitude": 19.0621,
                    "longitude": 72.8764
                  },
                  "address": "Mumbai, Maharashtra"
                }
              }
            }
          ]
        }
      ]
    },
    {
      "timestamp": 1356077686,
      "attachments": [
        {
          "data": [
            {
              "external_context": {
                "url": "https://facebook2.poker.zynga.com/poker/ogfeed.php?src_track_str=Poker+%25CLIENT_SN%25+Table+Feed+%ACTION%25%3AShort%3ATitle+f%3Agoodluckchips%3A2009-11-16&zysendkey=07b164491e64d01c252eadc57519086f%24%24ccF%28NYVX55kdO1SM_%21bb34xWOXTY%295iiK0FVGKXlFx%2CW2g15X%2A3z1h0M3eij3z1h0M3eij&creative=f%3Agoodluckchips%3A2009-11-16&channel=feed&senderLocale=en&locale=en&url=https%3A%2F%2Fapps.facebook.com%2Ftexas_holdem%2F%3Fsw%3Dtrue%26sw_from%3D100004758791955%26sw_time%3D1356077495%26sw_type%3D2%26sw_sig%3Df58803b7b339479822f5b3ba92751371&img=https%3A%2F%2Fzynga1-a.akamaihd.net%2Fpoker%2Fpoker%2Fdyn%2FChipTheme_en%2FChristmas_santa_hat_chip_90x%28feed%29_5.png&zid=1%3A100004758791955"
              }
            }
          ]
        }
      ],
      "title": "Natasha Jain shared a link."
    },
    {
      "timestamp": 1355896135,
      "attachments": [
        {
          "data": [
            {
              "external_context": {
                "url": "https://facebook2.poker.zynga.com/poker/ogfeed.php?src_track_str=Poker+%25CLIENT_SN%25+Table+Feed+%ACTION%25%3AShort%3ATitle+f%3Agoodluckchips%3A2009-11-16&zysendkey=b47ac8654e2876a9a8004d61a9d23504%24%24ccF%28NYVX55kdO1SM_%21bb34xWOXTX57hdG0FVGKXlFx%2CW2g15X%2A3z1h0M3eij3z1h0M3eij&creative=f%3Agoodluckchips%3A2009-11-16&channel=feed&senderLocale=en&locale=en&url=https%3A%2F%2Fapps.facebook.com%2Ftexas_holdem%2F%3Fsw%3Dtrue%26sw_from%3D100004758791955%26sw_time%3D1355896080%26sw_type%3D2%26sw_sig%3D5c7e03856b3b4c3565b133413ba8c981&img=https%3A%2F%2Fzynga1-a.akamaihd.net%2Fpoker%2Fpoker%2Fdyn%2FChipTheme_en%2FChristmas_bells_chip_90x%28feed%29_7.png&zid=1%3A100004758791955"
              }
            }
          ]
        }
      ],
      "title": "Natasha Jain shared a link."
    },
    {
      "timestamp": 1355384588,
      "attachments": [
        {
          "data": [
            {
              "external_context": {
                "url": "https://facebook2.poker.zynga.com/poker/ogfeed.php?src_track_str=Poker+%25CLIENT_SN%25+Table+Feed+%ACTION%25%3AShort%3ATitle+f%3Agoodluckchips%3A2009-11-16&zysendkey=22f996cda2fdde90111d410d755e1860%24%24ccF%28NYVX55kdO1SM_%21bb34xWOXTX06fgL0FVGKXlFx%2CW2g15X%2A3z1h0M3eij3z1h0M3eij&creative=f%3Agoodluckchips%3A2009-11-16&channel=feed&senderLocale=en&locale=en&url=https%3A%2F%2Fapps.facebook.com%2Ftexas_holdem%2F%3Fsw%3Dtrue%26sw_from%3D100004758791955%26sw_time%3D1355384464%26sw_type%3D2%26sw_sig%3D9261f5d531644b28fb049964494195af&img=https%3A%2F%2Fzynga1-a.akamaihd.net%2Fpoker%2Fpoker%2Fdyn%2FChipTheme_en%2FChristmas_flake_chip_90x%28feed%29_5.png&zid=1%3A100004758791955"
              }
            }
          ]
        }
      ],
      "title": "Natasha Jain shared a link."
    },
    {
      "timestamp": 1354864162,
      "attachments": [
        {
          "data": [
            {
              "external_context": {
                "url": "https://facebook2.poker.zynga.com/poker/ogfeed.php?src_track_str=Poker+%25CLIENT_SN%25+Table+Feed+%ACTION%25%3AShort%3ATitle+f%3Agoodluckchips%3A2009-11-16&zysendkey=96b49d382ed1ba2757d02502b80c2609%24%24ccF%28NYVX55kdO1SM_%21bb34xWOXTW54fdH%2AFVGKXlFx%2CW2g15X%2A3z1h0M3eij3z1h0M3eij&creative=f%3Agoodluckchips%3A2009-11-16&channel=feed&senderLocale=en&locale=en&url=https%3A%2F%2Fapps.facebook.com%2Ftexas_holdem%2F%3Fsw%3Dtrue%26sw_from%3D100004758791955%26sw_time%3D1354864091%26sw_type%3D2%26sw_sig%3D9bb93f9eaa70536cd0a329f0d9eb9143&img=https%3A%2F%2Fzynga1-a.akamaihd.net%2Fpoker%2Fpoker%2Fdyn%2FChipTheme_en%2FChristmas_angel_chip_90x%28feed%29_5.png&zid=1%3A100004758791955"
              }
            }
          ]
        }
      ],
      "title": "Natasha Jain shared a link."
    }
  ]
}