{
  "admin_records": [
    {
      "event": "Password Change",
      "session": {
        "created_timestamp": 1428557320,
        "updated_timestamp": 0,
        "ip_address": "60.254.5.217"
      }
    },
    {
      "event": "Checkpoint completed",
      "session": {
        "created_timestamp": 1416478453,
        "updated_timestamp": 0,
        "ip_address": "60.254.5.45"
      }
    },
    {
      "event": "Password Change",
      "session": {
        "created_timestamp": 1416150014,
        "updated_timestamp": 0,
        "ip_address": "116.72.135.146"
      }
    },
    {
      "event": "Password Change",
      "session": {
        "created_timestamp": 1415271485,
        "updated_timestamp": 0,
        "ip_address": "116.72.135.226"
      }
    },
    {
      "event": "Password Change",
      "session": {
        "created_timestamp": 1415173812,
        "updated_timestamp": 0,
        "ip_address": "60.254.16.43"
      }
    },
    {
      "event": "Password Change",
      "session": {
        "created_timestamp": 1410537763,
        "updated_timestamp": 0,
        "ip_address": "60.254.16.34"
      }
    },
    {
      "event": "Password Change",
      "session": {
        "created_timestamp": 1391775883,
        "updated_timestamp": 0,
        "ip_address": "60.254.5.202"
      }
    },
    {
      "event": "Password Change",
      "session": {
        "created_timestamp": 1359807337,
        "updated_timestamp": 0,
        "ip_address": "60.254.16.62"
      }
    },
    {
      "event": "Password Change",
      "session": {
        "created_timestamp": 1359378986,
        "updated_timestamp": 0,
        "ip_address": "1.38.122.109"
      }
    }
  ]
}