{
  "account_accesses": [
    {
      "action": "Login",
      "timestamp": 1529392731,
      "site": "www.facebook.com",
      "ip_address": "203.192.213.29"
    },
    {
      "action": "Log Out",
      "timestamp": 1529325359,
      "site": "www.facebook.com",
      "ip_address": "182.56.86.252"
    },
    {
      "action": "Log Out",
      "timestamp": 1529325347,
      "site": "www.facebook.com",
      "ip_address": "182.56.86.252"
    },
    {
      "action": "Login",
      "timestamp": 1529324763,
      "site": "www.facebook.com",
      "ip_address": "2405:204:38e:9903:7dd1:6605:47ed:2b91"
    },
    {
      "action": "Log Out",
      "timestamp": 1529323442,
      "site": "www.facebook.com",
      "ip_address": "2405:204:38e:9903:7dd1:6605:47ed:2b91"
    },
    {
      "action": "Log Out",
      "timestamp": 1529323433,
      "site": "www.facebook.com",
      "ip_address": "2405:204:38e:9903:7dd1:6605:47ed:2b91"
    },
    {
      "action": "Login",
      "timestamp": 1529323072,
      "site": "www.facebook.com",
      "ip_address": "2405:204:38e:9903:7dd1:6605:47ed:2b91"
    },
    {
      "action": "Login",
      "timestamp": 1526038306,
      "site": "8 Ball Pool",
      "ip_address": "60.254.11.42"
    },
    {
      "action": "Login",
      "timestamp": 1520765217,
      "site": "8 Ball Pool",
      "ip_address": "60.254.11.211"
    },
    {
      "action": "Login",
      "timestamp": 1520440317,
      "site": "8 Ball Pool",
      "ip_address": "60.254.11.211"
    },
    {
      "action": "Login",
      "timestamp": 1500663080,
      "site": "8 Ball Pool",
      "ip_address": "60.254.42.196"
    }
  ]
}