{
  "login_protection_data": [
    {
      "name": "Cookie: l07r********************",
      "session": {
        "created_timestamp": 1529392729,
        "ip_address": "203.192.213.29"
      }
    },
    {
      "name": "Cookie: YW_y********************",
      "session": {
        "created_timestamp": 1529323071,
        "ip_address": "2405:204:38e:9903:7dd1:6605:47ed:2b91"
      }
    },
    {
      "name": "Cookie: B3_1********************",
      "session": {
        "created_timestamp": 1526038306,
        "ip_address": "60.254.11.42"
      }
    },
    {
      "name": "Cookie: Bgml********************",
      "session": {
        "created_timestamp": 1520765217,
        "updated_timestamp": 1525850289
      }
    },
    {
      "name": "Cookie: U_tY********************",
      "session": {
        "created_timestamp": 1482419161,
        "updated_timestamp": 1521235624
      }
    },
    {
      "name": "Cookie: 5xOg********************",
      "session": {
        "created_timestamp": 1520440317
      }
    },
    {
      "name": "Cookie: Bk1y********************",
      "session": {
        "created_timestamp": 1500663080,
        "updated_timestamp": 1503745044
      }
    },
    {
      "name": "IP Address: 203.192.213.29",
      "session": {
        "created_timestamp": 1529392729,
        "ip_address": "203.192.213.29"
      }
    },
    {
      "name": "IP Address: 2405:204:38e:9903:7dd1:6605:47ed:2b91",
      "session": {
        "created_timestamp": 1529323071,
        "ip_address": "2405:204:38e:9903:7dd1:6605:47ed:2b91"
      }
    },
    {
      "name": "IP Address: 60.254.11.176",
      "session": {
        "created_timestamp": 1513273024,
        "updated_timestamp": 1525850289,
        "ip_address": "60.254.11.176"
      }
    },
    {
      "name": "IP Address: 150.107.24.58",
      "session": {
        "created_timestamp": 1524304382,
        "ip_address": "150.107.24.58"
      }
    },
    {
      "name": "IP Address: 60.254.5.173",
      "session": {
        "created_timestamp": 1354424232,
        "updated_timestamp": 1521687455,
        "ip_address": "60.254.5.173"
      }
    },
    {
      "name": "IP Address: 60.254.42.27",
      "session": {
        "created_timestamp": 1469535758,
        "updated_timestamp": 1521462966,
        "ip_address": "60.254.42.27"
      }
    },
    {
      "name": "IP Address: 2405:204:928c:9d7:f15f:d13d:48ff:2979",
      "session": {
        "created_timestamp": 1518179709,
        "ip_address": "2405:204:928c:9d7:f15f:d13d:48ff:2979"
      }
    },
    {
      "name": "IP Address: 27.251.227.210",
      "session": {
        "created_timestamp": 1516344265,
        "ip_address": "27.251.227.210"
      }
    },
    {
      "name": "IP Address: 49.33.150.77",
      "session": {
        "created_timestamp": 1515719509,
        "ip_address": "49.33.150.77"
      }
    },
    {
      "name": "IP Address: 49.33.171.198",
      "session": {
        "created_timestamp": 1513878717,
        "ip_address": "49.33.171.198"
      }
    },
    {
      "name": "IP Address: 49.33.161.199",
      "session": {
        "created_timestamp": 1512648681,
        "ip_address": "49.33.161.199"
      }
    },
    {
      "name": "IP Address: 49.33.49.252",
      "session": {
        "created_timestamp": 1512036524,
        "ip_address": "49.33.49.252"
      }
    },
    {
      "name": "IP Address: 2405:204:2015:ba4e:73bb:3098:2eea:cd59",
      "session": {
        "created_timestamp": 1511431116,
        "ip_address": "2405:204:2015:ba4e:73bb:3098:2eea:cd59"
      }
    },
    {
      "name": "IP Address: 2405:204:2286:c50:9f2e:ec06:aa3d:a7cd",
      "session": {
        "created_timestamp": 1510823216,
        "ip_address": "2405:204:2286:c50:9f2e:ec06:aa3d:a7cd"
      }
    },
    {
      "name": "IP Address: 49.33.125.121",
      "session": {
        "created_timestamp": 1507210207,
        "ip_address": "49.33.125.121"
      }
    },
    {
      "name": "IP Address: 2405:204:21a9:3cb9:7955:756b:9631:844e",
      "session": {
        "created_timestamp": 1506570235,
        "ip_address": "2405:204:21a9:3cb9:7955:756b:9631:844e"
      }
    },
    {
      "name": "IP Address: 2405:204:219f:7817:d1ab:d1a3:44b5:f4a6",
      "session": {
        "created_timestamp": 1505551743,
        "ip_address": "2405:204:219f:7817:d1ab:d1a3:44b5:f4a6"
      }
    },
    {
      "name": "IP Address: 2405:204:211a:7015:7659:f8c6:7b91:b96a",
      "session": {
        "created_timestamp": 1500132350,
        "ip_address": "2405:204:211a:7015:7659:f8c6:7b91:b96a"
      }
    },
    {
      "name": "IP Address: 2405:204:2e:44c1:4975:8617:43be:a901",
      "session": {
        "created_timestamp": 1497630644,
        "ip_address": "2405:204:2e:44c1:4975:8617:43be:a901"
      }
    },
    {
      "name": "IP Address: 2405:204:2089:698:c1f:2bc6:9959:6a8b",
      "session": {
        "created_timestamp": 1490672910,
        "ip_address": "2405:204:2089:698:c1f:2bc6:9959:6a8b"
      }
    },
    {
      "name": "Estimated location inferred from IP 19.048, 72.904",
      "session": {
        "created_timestamp": 1490672910,
        "updated_timestamp": 1529323071
      }
    },
    {
      "name": "Estimated location inferred from IP 18.912, 72.816",
      "session": {
        "created_timestamp": 1354424232,
        "updated_timestamp": 1526038306
      }
    },
    {
      "name": "Estimated location inferred from IP 18.52, 73.872",
      "session": {
        "created_timestamp": 1518179709
      }
    },
    {
      "name": "Estimated location inferred from IP 19.088, 72.816",
      "session": {
        "created_timestamp": 1515719509
      }
    },
    {
      "name": "Estimated location inferred from IP 19.176, 72.904",
      "session": {
        "created_timestamp": 1497630644,
        "updated_timestamp": 1505551743
      }
    },
    {
      "name": "Estimated location inferred from IP 18.936, 72.832",
      "session": {
        "created_timestamp": 1354424232,
        "updated_timestamp": 1500663080
      }
    }
  ]
}